Title,Text,Options,Answers,URL
Music Effect,"Music has a powerful effect on our emotions. It can make us feel happy, sad, or even angry. Many people listen to music to help them _1_ after a long day at work. Research suggests that listening to classical music can actually improve your concentration and help you study _2_. However, loud music can have a _3_ impact on your hearing if you listen to it through headphones for too long. Ideally, you should keep the volume at a _4_ level.",relax/rest/recover/resume|hard/strong/well/good|negative/bad/wrong/false|reasonable/cheap/tall/high,relax|well|negative|reasonable,https://en.wikipedia.org/wiki/Music_psychology
Coffee Time,"Coffee is one of the most popular beverages in the world. For many, the day cannot start without a strong cup of coffee to _1_ them up. The caffeine in coffee acts as a stimulant, which keeps you _2_ and focused. However, drinking too much can lead to anxiety and sleeplessness, so it is important to drink it in _3_.",wake/get/rise/stand|awake/alive/aware/around|moderation/small/measure/control,wake|awake|moderation,https://en.wikipedia.org/wiki/Coffee
Learning a Language,"The first step to learn a language is to _1_ a goal. You need to practice regularly to make _2_. Grammar rules can be difficult, but vocabulary is equally important. Many students find it useful to attend classes where they can interact with others. Online apps have also become very popular, offering a _3_ way to learn on the go. Don't be afraid of making mistakes; they are a natural part of the learning _4_.",set/put/make/do|progress/advance/growth/success|convenient/comfortable/suitable/fitting|process/way/method/act,set|progress|convenient|process,https://en.wikipedia.org/wiki/Language_education
Antarctica Tourism,"Tourism in the region has been _1_ steadily. Visitors are drawn by the _2_ landscapes. However, strict rules are in place to protect the fragile environment. Tourists must not leave any _3_ behind or disturb the animals. Most trips take place during the summer when the weather is mild, _4_ temperatures can still drop below freezing.",growing/raising/adding/flying|stunning/pretty/nice/good|rubbish/material/remains/wastes|although/despite/however/unless,growing|stunning|rubbish|although,https://en.wikipedia.org/wiki/Tourism_in_Antarctica
Running Shoes,"Choosing the right running shoes is essential to avoid _1_. You should look for a pair that offers good support and cushioning. It is advisable to replace your shoes every 500 miles, as the materials start to _2_ down. Many specialist shops offer a gait analysis to help you find the perfect _3_. Remember, expensive doesn't always mean _4_.",injury/harm/pain/damage|wear/tear/break/fall|match/fit/pair/couple|better/best/good/well,injury|wear|fit|better,https://en.wikipedia.org/wiki/Running_shoe
Remote Work,"Since the pandemic, many companies have adopted a hybrid model, allowing employees to work from home. This shift has had a significant _1_ on work-life balance. Commuting times have been reduced, giving people more free time. However, some argue that it is harder to _2_ team spirit when everyone is apart. To solve this, managers often organize regular online _3_. It seems that remote work is here to _4_.",impact/force/touch/crash|maintain/keep/hold/save|meetings/groups/parties/dates|stay/remain/wait/stop,impact|maintain|meetings|stay,https://en.wikipedia.org/wiki/Remote_work
Renewable Energy,"The world is _1_ a major shift towards green energy. Many countries have _2_ to reduce their carbon emissions by 2030. Wind and solar power are now _3_ as the most effective ways to generate electricity. However, we still have a long way to _4_ before we stop using fossil fuels.",undergoing/making/taking/going|promised/offered/decided/suggested|regarded/thought/looked/believed|go/walk/run/step,undergoing|promised|regarded|go,https://www.iea.org/reports/renewables-2023
The Art of Cooking,"Learning to cook is a skill that _1_ with practice. You don't need to be an expert to _2_ a delicious meal. The secret is to use fresh ingredients and _3_ attention to the recipe. Once you master the basics, you can start to _4_ with different flavors.",comes/goes/gets/makes|create/do/perform/act|pay/give/make/take|experiment/test/try/check,comes|create|pay|experiment,https://www.bbc.co.uk/food
Remote Learning,"The rise of online education has _1_ it possible for millions to study from home. This flexibility _2_ to students who have full-time jobs. While some miss the social _3_ of a classroom, others prefer the comfort of their own office. Technology is definitely _4_ the way we learn.",made/done/given/put|appeals/attracts/interests/likes|aspect/part/side/view|shaping/making/building/forming,made|appeals|aspect|shaping,https://en.wikipedia.org/wiki/Distance_education
Wildlife Conservation,"National parks play a _1_ role in protecting biodiversity. They provide a safe _2_ for animals that are losing their natural habitats. Volunteers often _3_ out research to monitor the health of the ecosystem. It is our responsibility to _4_ after these areas for future generations.",vital/main/heavy/strong|haven/house/room/place|carry/make/work/give|look/take/keep/watch,vital|haven|carry|look,https://www.worldwildlife.org/
City Life,"Living in a big city can be _1_ stressful due to the noise and traffic. However, most people are _2_ to the convenience of having everything nearby. The cost of living is usually _3_ higher than in rural areas. Despite this, many young professionals are _4_ to urban centers for job opportunities.",highly/widely/strongly/deeply|used/known/familiar/aware|significantly/greatly/largely/totally|drawn/taken/brought/moved,highly|used|significantly|drawn,https://en.wikipedia.org/wiki/Urban_living
